Username,User Role,Employee Name,Status
Admin,Admin,Kaique Rangel,Enabled
ayat1760228471567,ESS,Ayat Allan,Enabled
ayat1760229248600,ESS,Ayat Allan,Enabled
ayat1760229436330,ESS,Ayat Allan,Enabled
ayat1760229490441,ESS,Ayat Allan,Enabled
ayat1760229536108,ESS,Ayat Allan,Enabled
ayat1760229672673,ESS,Ayat Allan,Enabled
ayat1760229806859,ESS,Ayat Allan,Enabled
ayat1760229819280,ESS,Ayat Allan,Enabled
ayat1760229835444,ESS,Ayat Allan,Enabled
ayat1760229873054,ESS,Ayat Allan,Enabled
ayat1760229899346,ESS,Ayat Allan,Enabled
ayat1760229961561,ESS,Ayat Allan,Enabled
ayat1760230179948,ESS,Ayat Allan,Enabled
ayat1760230282489,ESS,Ayat Allan,Enabled
ayat1760230648912,ESS,Ayat Allan,Enabled
ayat1760230699469,ESS,Ayat Allan,Enabled
ayat1760230744962,ESS,Ayat Allan,Enabled
ayat1760230858570,ESS,Ayat Allan,Enabled
ayat1760230952119,ESS,Ayat Allan,Enabled
ayat1760231001791,ESS,Ayat Allan,Enabled
ayat1760231251572,ESS,Ayat Allan,Enabled
ayat1760231945708,ESS,Ayat Allan,Enabled
FMLName,ESS,Qwerty LName,Enabled
FMLName1,ESS,FName LName,Enabled
Jobinsam@6742,ESS,Jobin Sam,Enabled
